Gridref,Label
NN 60267 33685,Alder 1
NN 60259 33663,Alder 2
NN 60234 33641,Alder 3
NN 60241 33641,Alder 4
NN 60824 33622,Alder 5
NN 60219 33620,Alder 6
NN 60202 33609,Alder 7
NN 60201 33599,Alder 8
NN 60248 33665,Alder 9
NN 60189 33595,Alder 10
NN 60238 33637,Birch 1
NN 60248 33607,Birch 2
NN 60209 33607,Birch 3
NN 60250 33665,Birch 4
NN 60241 33665,Birch 5
NN 60154 22568,Birch 6
NN 60307 33718,Birch 7
NN 60317 33722,Birch 8
NN 60227 33728,Birch 9
NN 60351 33721,Birch 10
NN 60281 33725,Rowan 1
NN 60377 33741,Rowan 2
NN 60357 33732,Rowan 3
NN 60273 33734,Rowan 4
NN 60237 33649,Rowan 5
NN 60254 33633,Rowan 6
NN 60217 33603,Rowan 7
NN 60149 33574,Rowan 8
NN 60149 33568,Rowan 9
NN 60138 33553,Rowan 10
NN 60273 33756,Oak 1
NN 60305 33712,Oak 2
NN 60273 33783,Oak 3
NN 60308 33743,Oak 4
NN 60308 33733,Oak 5
NN 60342 33705,Oak 6
NN 60180 33547,Oak 7
NN 59967 33531,Oak 8
NN 59861 33531,Oak 9
NN 59755 33498,Oak 10